7.9_raw.csv_filtered_by_correlation15_SNR20_all_replacement_strategy_1,2022-11-26 23:05:48.265029
7.9_raw.csv_filtered_by_correlation15_SNR20_individual_replacement_strategy_1,2022-11-26 23:05:48.314918
7.6_raw.csv_filtered_by_correlation15_SNR20_all_replacement_strategy_1,2022-11-26 23:05:48.384736
7.6_raw.csv_filtered_by_correlation15_SNR20_individual_replacement_strategy_1,2022-11-26 23:05:48.446432
7.2_raw.csv_filtered_by_correlation15_SNR20_all_replacement_strategy_1,2022-11-26 23:05:48.520265
7.2_raw.csv_filtered_by_correlation15_SNR20_individual_replacement_strategy_1,2022-11-26 23:05:48.572108
Complete Duration,0:00:59.175967
7.9_raw.csv_filtered_by_acceleration_1.5_all_replacement_strategy_5,2022-11-28 12:26:54.440126
7.9_raw.csv_filtered_by_acceleration_1.5_individual_replacement_strategy_5,2022-11-28 12:26:54.527640
7.6_raw.csv_filtered_by_acceleration_1.5_all_replacement_strategy_5,2022-11-28 12:26:54.643438
7.6_raw.csv_filtered_by_acceleration_1.5_individual_replacement_strategy_5,2022-11-28 12:26:54.739151
7.2_raw.csv_filtered_by_acceleration_1.5_all_replacement_strategy_5,2022-11-28 12:26:54.874965
7.2_raw.csv_filtered_by_acceleration_1.5_individual_replacement_strategy_5,2022-11-28 12:26:54.981145
Complete Duration,0:00:15.989790
7.9_raw.csv_filtered_by_correlation23_SNR34_Acceleration_1.5_all_replacement_strategy_4,2022-11-28 21:17:18.089862
7.9_raw.csv_filtered_by_correlation23_SNR34_acceleration_1.5_individual_replacement_strategy_4,2022-11-28 21:17:18.302092
7.6_raw.csv_filtered_by_correlation23_SNR34_Acceleration_1.5_all_replacement_strategy_4,2022-11-28 21:17:18.506324
7.6_raw.csv_filtered_by_correlation23_SNR34_acceleration_1.5_individual_replacement_strategy_4,2022-11-28 21:17:18.678310
7.2_raw.csv_filtered_by_correlation23_SNR34_Acceleration_1.5_all_replacement_strategy_4,2022-11-28 21:17:18.850477
7.2_raw.csv_filtered_by_correlation23_SNR34_acceleration_1.5_individual_replacement_strategy_4,2022-11-28 21:17:19.053581
Complete Duration,0:00:01.539762
7.9_raw.csv_filtered_by_correlation15_SNR20_all_replacement_strategy_1,2022-11-28 21:33:10.000370
7.9_raw.csv_filtered_by_correlation15_SNR20_individual_replacement_strategy_1,2022-11-28 21:33:10.062868
7.6_raw.csv_filtered_by_correlation15_SNR20_all_replacement_strategy_1,2022-11-28 21:33:10.156910
7.6_raw.csv_filtered_by_correlation15_SNR20_individual_replacement_strategy_1,2022-11-28 21:33:10.219895
7.2_raw.csv_filtered_by_correlation15_SNR20_all_replacement_strategy_1,2022-11-28 21:33:10.298356
7.2_raw.csv_filtered_by_correlation15_SNR20_individual_replacement_strategy_1,2022-11-28 21:33:10.361182
Complete Duration,0:00:00.540705
7.9_raw.csv_filtered_by_correlation15_SNR20_all_replacement_strategy_1,2022-11-28 21:34:42.219289
7.9_raw.csv_filtered_by_correlation15_SNR20_individual_replacement_strategy_1,2022-11-28 21:34:42.299370
7.6_raw.csv_filtered_by_correlation15_SNR20_all_replacement_strategy_1,2022-11-28 21:34:42.384775
7.6_raw.csv_filtered_by_correlation15_SNR20_individual_replacement_strategy_1,2022-11-28 21:34:42.437307
7.2_raw.csv_filtered_by_correlation15_SNR20_all_replacement_strategy_1,2022-11-28 21:34:42.557696
7.2_raw.csv_filtered_by_correlation15_SNR20_individual_replacement_strategy_1,2022-11-28 21:34:42.620070
Complete Duration,0:00:00.523551
7.9_raw.csv_filtered_by_acceleration_1.5_all_replacement_strategy_4,2022-11-28 21:46:15.269842
7.9_raw.csv_filtered_by_acceleration_1.5_individual_replacement_strategy_4,2022-11-28 21:46:15.348368
7.6_raw.csv_filtered_by_acceleration_1.5_all_replacement_strategy_4,2022-11-28 21:46:15.434154
7.6_raw.csv_filtered_by_acceleration_1.5_individual_replacement_strategy_4,2022-11-28 21:46:15.512421
7.2_raw.csv_filtered_by_acceleration_1.5_all_replacement_strategy_4,2022-11-28 21:46:15.641563
7.2_raw.csv_filtered_by_acceleration_1.5_individual_replacement_strategy_4,2022-11-28 21:46:15.740181
Complete Duration,0:00:00.607460
7.9_raw.csv_filtered_by_correlation13_SNR34_Acceleration_1.5_all_replacement_strategy_3,2022-11-29 13:14:19.422556
7.9_raw.csv_filtered_by_correlation13_SNR34_acceleration_1.5_individual_replacement_strategy_3,2022-11-29 13:14:19.531930
7.6_raw.csv_filtered_by_correlation13_SNR34_Acceleration_1.5_all_replacement_strategy_3,2022-11-29 13:14:19.672702
7.6_raw.csv_filtered_by_correlation13_SNR34_acceleration_1.5_individual_replacement_strategy_3,2022-11-29 13:14:19.782692
7.2_raw.csv_filtered_by_correlation13_SNR34_Acceleration_1.5_all_replacement_strategy_3,2022-11-29 13:14:19.925776
7.2_raw.csv_filtered_by_correlation13_SNR34_acceleration_1.5_individual_replacement_strategy_3,2022-11-29 13:14:20.034274
Complete Duration,0:00:01.015872
7.9_raw.csv_filtered_by_correlation31_Acceleration_1.5_all_replacement_strategy_3,2022-11-29 13:36:16.203854
7.9_raw.csv_filtered_by_correlation31_acceleration_1.5_individual_replacement_strategy_3,2022-11-29 13:36:16.283198
7.6_raw.csv_filtered_by_correlation31_Acceleration_1.5_all_replacement_strategy_3,2022-11-29 13:36:16.385589
7.6_raw.csv_filtered_by_correlation31_acceleration_1.5_individual_replacement_strategy_3,2022-11-29 13:36:16.464651
7.2_raw.csv_filtered_by_correlation31_Acceleration_1.5_all_replacement_strategy_3,2022-11-29 13:36:16.558434
7.2_raw.csv_filtered_by_correlation31_acceleration_1.5_individual_replacement_strategy_3,2022-11-29 13:36:16.655223
Complete Duration,0:00:00.632730
7.9_raw.csv_filtered_by_acceleration_1.5_all_replacement_strategy_2,2022-11-29 14:37:47.931016
7.9_raw.csv_filtered_by_acceleration_1.5_individual_replacement_strategy_2,2022-11-29 14:37:48.012032
7.6_raw.csv_filtered_by_acceleration_1.5_all_replacement_strategy_2,2022-11-29 14:37:48.103211
7.6_raw.csv_filtered_by_acceleration_1.5_individual_replacement_strategy_2,2022-11-29 14:37:48.181785
7.2_raw.csv_filtered_by_acceleration_1.5_all_replacement_strategy_2,2022-11-29 14:37:48.276008
7.2_raw.csv_filtered_by_acceleration_1.5_individual_replacement_strategy_2,2022-11-29 14:37:48.338961
Complete Duration,0:00:00.659594
7.9_raw.csv_filtered_by_correlation30_all_replacement_strategy_1,2022-11-29 14:48:31.532632
7.9_raw.csv_filtered_by_correlation30_individual_replacement_strategy_1,2022-11-29 14:48:31.579772
7.9_raw.csv_filtered_by_correlation30_all_replacement_strategy_2,2022-11-29 14:48:31.621568
7.9_raw.csv_filtered_by_correlation30_individual_replacement_strategy_2,2022-11-29 14:48:31.668945
7.9_raw.csv_filtered_by_correlation30_all_replacement_strategy_3,2022-11-29 14:48:31.741288
7.9_raw.csv_filtered_by_correlation30_individual_replacement_strategy_3,2022-11-29 14:48:31.790037
7.9_raw.csv_filtered_by_correlation30_all_replacement_strategy_4,2022-11-29 14:48:31.843154
7.9_raw.csv_filtered_by_correlation30_individual_replacement_strategy_4,2022-11-29 14:48:31.885986
7.9_raw.csv_filtered_by_correlation30_all_replacement_strategy_5,2022-11-29 14:48:31.949369
7.9_raw.csv_filtered_by_correlation30_individual_replacement_strategy_5,2022-11-29 14:48:32.001063
7.9_raw.csv_filtered_by_correlation12_SNR23_all_replacement_strategy_1,2022-11-29 14:49:29.351898
7.9_raw.csv_filtered_by_correlation12_SNR23_individual_replacement_strategy_1,2022-11-29 14:49:29.415880
7.9_raw.csv_filtered_by_correlation12_SNR23_all_replacement_strategy_2,2022-11-29 14:49:29.483553
7.9_raw.csv_filtered_by_correlation12_SNR23_individual_replacement_strategy_2,2022-11-29 14:49:29.550162
7.9_raw.csv_filtered_by_correlation12_SNR23_all_replacement_strategy_3,2022-11-29 14:49:29.606838
7.9_raw.csv_filtered_by_correlation12_SNR23_individual_replacement_strategy_3,2022-11-29 14:49:29.670370
7.9_raw.csv_filtered_by_correlation12_SNR23_all_replacement_strategy_4,2022-11-29 14:49:29.809789
7.9_raw.csv_filtered_by_correlation12_SNR23_individual_replacement_strategy_4,2022-11-29 14:49:29.940995
7.9_raw.csv_filtered_by_correlation12_SNR23_all_replacement_strategy_5,2022-11-29 14:49:30.060599
7.9_raw.csv_filtered_by_correlation12_SNR23_individual_replacement_strategy_5,2022-11-29 14:49:30.136139
7.6_raw.csv_filtered_by_correlation12_SNR23_all_replacement_strategy_1,2022-11-29 14:49:30.215749
7.6_raw.csv_filtered_by_correlation12_SNR23_individual_replacement_strategy_1,2022-11-29 14:49:30.288238
7.6_raw.csv_filtered_by_correlation12_SNR23_all_replacement_strategy_2,2022-11-29 14:49:30.356280
7.6_raw.csv_filtered_by_correlation12_SNR23_individual_replacement_strategy_2,2022-11-29 14:49:30.430187
7.6_raw.csv_filtered_by_correlation12_SNR23_all_replacement_strategy_3,2022-11-29 14:49:30.488771
7.6_raw.csv_filtered_by_correlation12_SNR23_individual_replacement_strategy_3,2022-11-29 14:49:30.556142
7.6_raw.csv_filtered_by_correlation12_SNR23_all_replacement_strategy_4,2022-11-29 14:49:30.675314
7.6_raw.csv_filtered_by_correlation12_SNR23_individual_replacement_strategy_4,2022-11-29 14:49:30.824887
7.6_raw.csv_filtered_by_correlation12_SNR23_all_replacement_strategy_5,2022-11-29 14:49:30.896375
7.6_raw.csv_filtered_by_correlation12_SNR23_individual_replacement_strategy_5,2022-11-29 14:49:30.969324
7.2_raw.csv_filtered_by_correlation12_SNR23_all_replacement_strategy_1,2022-11-29 14:49:31.047913
7.2_raw.csv_filtered_by_correlation12_SNR23_individual_replacement_strategy_1,2022-11-29 14:49:31.115014
7.2_raw.csv_filtered_by_correlation12_SNR23_all_replacement_strategy_2,2022-11-29 14:49:31.180246
7.2_raw.csv_filtered_by_correlation12_SNR23_individual_replacement_strategy_2,2022-11-29 14:49:31.242429
7.2_raw.csv_filtered_by_correlation12_SNR23_all_replacement_strategy_3,2022-11-29 14:49:31.303531
7.2_raw.csv_filtered_by_correlation12_SNR23_individual_replacement_strategy_3,2022-11-29 14:49:31.367897
7.2_raw.csv_filtered_by_correlation12_SNR23_all_replacement_strategy_4,2022-11-29 14:49:31.515980
7.2_raw.csv_filtered_by_correlation12_SNR23_individual_replacement_strategy_4,2022-11-29 14:49:31.657570
7.2_raw.csv_filtered_by_correlation12_SNR23_all_replacement_strategy_5,2022-11-29 14:49:31.721855
7.2_raw.csv_filtered_by_correlation12_SNR23_individual_replacement_strategy_5,2022-11-29 14:49:31.789412
Complete Duration,0:00:10.848022
7.9_raw.csv_filtered_by_correlation12_SNR23_all_replacement_strategy_5,2022-11-29 14:49:52.189529
7.9_raw.csv_filtered_by_correlation12_SNR23_individual_replacement_strategy_5,2022-11-29 14:49:52.258569
7.6_raw.csv_filtered_by_correlation12_SNR23_all_replacement_strategy_5,2022-11-29 14:49:52.338093
7.6_raw.csv_filtered_by_correlation12_SNR23_individual_replacement_strategy_5,2022-11-29 14:49:52.405181
7.2_raw.csv_filtered_by_correlation12_SNR23_all_replacement_strategy_5,2022-11-29 14:49:52.486959
7.2_raw.csv_filtered_by_correlation12_SNR23_individual_replacement_strategy_5,2022-11-29 14:49:52.554758
Complete Duration,0:00:12.374781
7.9_raw.csv_filtered_by_correlation12_all_replacement_strategy_1,2022-11-29 14:50:27.224856
7.9_raw.csv_filtered_by_correlation12_individual_replacement_strategy_1,2022-11-29 14:50:27.282291
7.9_raw.csv_filtered_by_correlation12_all_replacement_strategy_2,2022-11-29 14:50:27.346757
7.9_raw.csv_filtered_by_correlation12_individual_replacement_strategy_2,2022-11-29 14:50:27.402826
7.9_raw.csv_filtered_by_correlation12_all_replacement_strategy_3,2022-11-29 14:50:27.470721
7.9_raw.csv_filtered_by_correlation12_individual_replacement_strategy_3,2022-11-29 14:50:27.525665
7.9_raw.csv_filtered_by_correlation12_all_replacement_strategy_4,2022-11-29 14:50:27.591793
7.9_raw.csv_filtered_by_correlation12_individual_replacement_strategy_4,2022-11-29 14:50:27.646310
7.9_raw.csv_filtered_by_correlation12_all_replacement_strategy_5,2022-11-29 14:50:27.710475
7.9_raw.csv_filtered_by_correlation12_individual_replacement_strategy_5,2022-11-29 14:50:27.767050
7.9_raw.csv_filtered_by_SNR22_all_replacement_strategy_1,2022-11-29 14:50:27.833107
7.9_raw.csv_filtered_by_SNR22_individual_replacement_strategy_1,2022-11-29 14:50:27.895935
7.9_raw.csv_filtered_by_SNR22_all_replacement_strategy_2,2022-11-29 14:50:27.967947
7.9_raw.csv_filtered_by_SNR22_individual_replacement_strategy_2,2022-11-29 14:50:28.027908
7.9_raw.csv_filtered_by_SNR22_all_replacement_strategy_3,2022-11-29 14:50:28.096906
7.9_raw.csv_filtered_by_SNR22_individual_replacement_strategy_3,2022-11-29 14:50:28.157622
7.9_raw.csv_filtered_by_SNR22_all_replacement_strategy_4,2022-11-29 14:50:28.295560
7.9_raw.csv_filtered_by_SNR22_individual_replacement_strategy_4,2022-11-29 14:50:28.431110
7.9_raw.csv_filtered_by_SNR22_all_replacement_strategy_5,2022-11-29 14:50:28.513931
7.9_raw.csv_filtered_by_SNR22_individual_replacement_strategy_5,2022-11-29 14:50:28.578224
7.9_raw.csv_filtered_by_acceleration_1.5_all_replacement_strategy_1,2022-11-29 14:50:28.667965
7.9_raw.csv_filtered_by_acceleration_1.5_individual_replacement_strategy_1,2022-11-29 14:50:28.747046
7.9_raw.csv_filtered_by_acceleration_1.5_all_replacement_strategy_2,2022-11-29 14:50:28.842594
7.9_raw.csv_filtered_by_acceleration_1.5_individual_replacement_strategy_2,2022-11-29 14:50:28.923410
7.9_raw.csv_filtered_by_acceleration_1.5_all_replacement_strategy_3,2022-11-29 14:50:29.013751
7.9_raw.csv_filtered_by_acceleration_1.5_individual_replacement_strategy_3,2022-11-29 14:50:29.092381
7.9_raw.csv_filtered_by_acceleration_1.5_all_replacement_strategy_4,2022-11-29 14:50:29.184079
7.9_raw.csv_filtered_by_acceleration_1.5_individual_replacement_strategy_4,2022-11-29 14:50:29.265103
7.9_raw.csv_filtered_by_acceleration_1.5_all_replacement_strategy_5,2022-11-29 14:50:29.356781
7.9_raw.csv_filtered_by_acceleration_1.5_individual_replacement_strategy_5,2022-11-29 14:50:29.438378
7.9_raw.csv_filtered_by_correlation12_SNR22_all_replacement_strategy_1,2022-11-29 14:50:29.508383
7.9_raw.csv_filtered_by_correlation12_SNR22_individual_replacement_strategy_1,2022-11-29 14:50:29.570678
7.9_raw.csv_filtered_by_correlation12_SNR22_all_replacement_strategy_2,2022-11-29 14:50:29.643993
7.9_raw.csv_filtered_by_correlation12_SNR22_individual_replacement_strategy_2,2022-11-29 14:50:29.708997
7.9_raw.csv_filtered_by_correlation12_SNR22_all_replacement_strategy_3,2022-11-29 14:50:29.785959
7.9_raw.csv_filtered_by_correlation12_SNR22_individual_replacement_strategy_3,2022-11-29 14:50:29.855183
7.9_raw.csv_filtered_by_correlation12_SNR22_all_replacement_strategy_4,2022-11-29 14:50:29.997884
7.9_raw.csv_filtered_by_correlation12_SNR22_individual_replacement_strategy_4,2022-11-29 14:50:30.112728
7.9_raw.csv_filtered_by_correlation12_SNR22_all_replacement_strategy_5,2022-11-29 14:50:30.201090
7.9_raw.csv_filtered_by_correlation12_SNR22_individual_replacement_strategy_5,2022-11-29 14:50:30.267768
7.9_raw.csv_filtered_by_SNR22_Acceleration_1.5_all_replacement_strategy_1,2022-11-29 14:50:30.372702
7.9_raw.csv_filtered_by_SNR22_acceleration_1.5_individual_replacement_strategy_1,2022-11-29 14:50:30.471570
7.9_raw.csv_filtered_by_SNR22_Acceleration_1.5_all_replacement_strategy_2,2022-11-29 14:50:30.568088
7.9_raw.csv_filtered_by_SNR22_acceleration_1.5_individual_replacement_strategy_2,2022-11-29 14:50:30.664779
7.9_raw.csv_filtered_by_SNR22_Acceleration_1.5_all_replacement_strategy_3,2022-11-29 14:50:30.760339
7.9_raw.csv_filtered_by_SNR22_acceleration_1.5_individual_replacement_strategy_3,2022-11-29 14:50:30.844536
7.9_raw.csv_filtered_by_SNR22_Acceleration_1.5_all_replacement_strategy_4,2022-11-29 14:50:31.008318
7.9_raw.csv_filtered_by_SNR22_acceleration_1.5_individual_replacement_strategy_4,2022-11-29 14:50:31.143824
7.9_raw.csv_filtered_by_SNR22_Acceleration_1.5_all_replacement_strategy_5,2022-11-29 14:50:31.248314
7.9_raw.csv_filtered_by_SNR22_acceleration_1.5_individual_replacement_strategy_5,2022-11-29 14:50:31.340787
7.9_raw.csv_filtered_by_correlation12_Acceleration_1.5_all_replacement_strategy_1,2022-11-29 14:50:31.436471
7.9_raw.csv_filtered_by_correlation12_acceleration_1.5_individual_replacement_strategy_1,2022-11-29 14:50:31.514992
7.9_raw.csv_filtered_by_correlation12_Acceleration_1.5_all_replacement_strategy_2,2022-11-29 14:50:31.605795
7.9_raw.csv_filtered_by_correlation12_acceleration_1.5_individual_replacement_strategy_2,2022-11-29 14:50:31.694536
7.9_raw.csv_filtered_by_correlation12_Acceleration_1.5_all_replacement_strategy_3,2022-11-29 14:50:31.783452
7.9_raw.csv_filtered_by_correlation12_acceleration_1.5_individual_replacement_strategy_3,2022-11-29 14:50:31.867076
7.9_raw.csv_filtered_by_correlation12_Acceleration_1.5_all_replacement_strategy_4,2022-11-29 14:50:31.966256
7.9_raw.csv_filtered_by_correlation12_acceleration_1.5_individual_replacement_strategy_4,2022-11-29 14:50:32.044049
7.9_raw.csv_filtered_by_correlation12_Acceleration_1.5_all_replacement_strategy_5,2022-11-29 14:50:32.130707
7.9_raw.csv_filtered_by_correlation12_acceleration_1.5_individual_replacement_strategy_5,2022-11-29 14:50:32.209525
7.9_raw.csv_filtered_by_correlation12_SNR22_Acceleration_1.5_all_replacement_strategy_1,2022-11-29 14:50:32.305074
7.9_raw.csv_filtered_by_correlation12_SNR22_acceleration_1.5_individual_replacement_strategy_1,2022-11-29 14:50:32.391731
7.9_raw.csv_filtered_by_correlation12_SNR22_Acceleration_1.5_all_replacement_strategy_2,2022-11-29 14:50:32.501013
7.9_raw.csv_filtered_by_correlation12_SNR22_acceleration_1.5_individual_replacement_strategy_2,2022-11-29 14:50:32.589581
7.9_raw.csv_filtered_by_correlation12_SNR22_Acceleration_1.5_all_replacement_strategy_3,2022-11-29 14:50:32.686207
7.9_raw.csv_filtered_by_correlation12_SNR22_acceleration_1.5_individual_replacement_strategy_3,2022-11-29 14:50:32.774819
7.9_raw.csv_filtered_by_correlation12_SNR22_Acceleration_1.5_all_replacement_strategy_4,2022-11-29 14:50:32.929441
7.9_raw.csv_filtered_by_correlation12_SNR22_acceleration_1.5_individual_replacement_strategy_4,2022-11-29 14:50:33.092648
7.9_raw.csv_filtered_by_correlation12_SNR22_Acceleration_1.5_all_replacement_strategy_5,2022-11-29 14:50:33.199925
7.9_raw.csv_filtered_by_correlation12_SNR22_acceleration_1.5_individual_replacement_strategy_5,2022-11-29 14:50:33.288441
7.6_raw.csv_filtered_by_correlation12_all_replacement_strategy_1,2022-11-29 14:50:33.367254
7.6_raw.csv_filtered_by_correlation12_individual_replacement_strategy_1,2022-11-29 14:50:33.426218
7.6_raw.csv_filtered_by_correlation12_all_replacement_strategy_2,2022-11-29 14:50:33.492456
7.6_raw.csv_filtered_by_correlation12_individual_replacement_strategy_2,2022-11-29 14:50:33.553494
7.6_raw.csv_filtered_by_correlation12_all_replacement_strategy_3,2022-11-29 14:50:33.618983
7.6_raw.csv_filtered_by_correlation12_individual_replacement_strategy_3,2022-11-29 14:50:33.687690
7.6_raw.csv_filtered_by_correlation12_all_replacement_strategy_4,2022-11-29 14:50:33.751977
7.6_raw.csv_filtered_by_correlation12_individual_replacement_strategy_4,2022-11-29 14:50:33.806019
7.6_raw.csv_filtered_by_correlation12_all_replacement_strategy_5,2022-11-29 14:50:33.873173
7.6_raw.csv_filtered_by_correlation12_individual_replacement_strategy_5,2022-11-29 14:50:33.931776
7.6_raw.csv_filtered_by_SNR22_all_replacement_strategy_1,2022-11-29 14:50:34.004737
7.6_raw.csv_filtered_by_SNR22_individual_replacement_strategy_1,2022-11-29 14:50:34.065040
7.6_raw.csv_filtered_by_SNR22_all_replacement_strategy_2,2022-11-29 14:50:34.138322
7.6_raw.csv_filtered_by_SNR22_individual_replacement_strategy_2,2022-11-29 14:50:34.225486
7.6_raw.csv_filtered_by_SNR22_all_replacement_strategy_3,2022-11-29 14:50:34.336179
7.6_raw.csv_filtered_by_SNR22_individual_replacement_strategy_3,2022-11-29 14:50:34.427103
7.6_raw.csv_filtered_by_SNR22_all_replacement_strategy_4,2022-11-29 14:50:34.610794
7.6_raw.csv_filtered_by_SNR22_individual_replacement_strategy_4,2022-11-29 14:50:34.759422
7.6_raw.csv_filtered_by_SNR22_all_replacement_strategy_5,2022-11-29 14:50:34.850427
7.6_raw.csv_filtered_by_SNR22_individual_replacement_strategy_5,2022-11-29 14:50:34.922958
7.6_raw.csv_filtered_by_acceleration_1.5_all_replacement_strategy_1,2022-11-29 14:50:35.014901
7.6_raw.csv_filtered_by_acceleration_1.5_individual_replacement_strategy_1,2022-11-29 14:50:35.101472
7.6_raw.csv_filtered_by_acceleration_1.5_all_replacement_strategy_2,2022-11-29 14:50:35.193642
7.6_raw.csv_filtered_by_acceleration_1.5_individual_replacement_strategy_2,2022-11-29 14:50:35.270624
7.6_raw.csv_filtered_by_acceleration_1.5_all_replacement_strategy_3,2022-11-29 14:50:35.368476
7.6_raw.csv_filtered_by_acceleration_1.5_individual_replacement_strategy_3,2022-11-29 14:50:35.454091
7.6_raw.csv_filtered_by_acceleration_1.5_all_replacement_strategy_4,2022-11-29 14:50:35.547971
7.6_raw.csv_filtered_by_acceleration_1.5_individual_replacement_strategy_4,2022-11-29 14:50:35.631645
7.6_raw.csv_filtered_by_acceleration_1.5_all_replacement_strategy_5,2022-11-29 14:50:35.718208
7.6_raw.csv_filtered_by_acceleration_1.5_individual_replacement_strategy_5,2022-11-29 14:50:35.801804
7.6_raw.csv_filtered_by_correlation12_SNR22_all_replacement_strategy_1,2022-11-29 14:50:35.870905
7.6_raw.csv_filtered_by_correlation12_SNR22_individual_replacement_strategy_1,2022-11-29 14:50:35.935387
7.6_raw.csv_filtered_by_correlation12_SNR22_all_replacement_strategy_2,2022-11-29 14:50:36.059963
7.6_raw.csv_filtered_by_correlation12_SNR22_individual_replacement_strategy_2,2022-11-29 14:50:36.123979
7.6_raw.csv_filtered_by_correlation12_SNR22_all_replacement_strategy_3,2022-11-29 14:50:36.190686
7.6_raw.csv_filtered_by_correlation12_SNR22_individual_replacement_strategy_3,2022-11-29 14:50:36.253300
7.6_raw.csv_filtered_by_correlation12_SNR22_all_replacement_strategy_4,2022-11-29 14:50:36.376670
7.6_raw.csv_filtered_by_correlation12_SNR22_individual_replacement_strategy_4,2022-11-29 14:50:36.510630
7.6_raw.csv_filtered_by_correlation12_SNR22_all_replacement_strategy_5,2022-11-29 14:50:36.600935
7.6_raw.csv_filtered_by_correlation12_SNR22_individual_replacement_strategy_5,2022-11-29 14:50:36.668638
7.6_raw.csv_filtered_by_SNR22_Acceleration_1.5_all_replacement_strategy_1,2022-11-29 14:50:36.765616
7.6_raw.csv_filtered_by_SNR22_acceleration_1.5_individual_replacement_strategy_1,2022-11-29 14:50:36.856476
7.6_raw.csv_filtered_by_SNR22_Acceleration_1.5_all_replacement_strategy_2,2022-11-29 14:50:36.952293
7.6_raw.csv_filtered_by_SNR22_acceleration_1.5_individual_replacement_strategy_2,2022-11-29 14:50:37.059291
7.6_raw.csv_filtered_by_SNR22_Acceleration_1.5_all_replacement_strategy_3,2022-11-29 14:50:37.158272
7.6_raw.csv_filtered_by_SNR22_acceleration_1.5_individual_replacement_strategy_3,2022-11-29 14:50:37.240979
7.6_raw.csv_filtered_by_SNR22_Acceleration_1.5_all_replacement_strategy_4,2022-11-29 14:50:37.390004
7.6_raw.csv_filtered_by_SNR22_acceleration_1.5_individual_replacement_strategy_4,2022-11-29 14:50:37.541887
7.6_raw.csv_filtered_by_SNR22_Acceleration_1.5_all_replacement_strategy_5,2022-11-29 14:50:37.651698
7.6_raw.csv_filtered_by_SNR22_acceleration_1.5_individual_replacement_strategy_5,2022-11-29 14:50:37.743282
7.6_raw.csv_filtered_by_correlation12_Acceleration_1.5_all_replacement_strategy_1,2022-11-29 14:50:37.839217
7.6_raw.csv_filtered_by_correlation12_acceleration_1.5_individual_replacement_strategy_1,2022-11-29 14:50:37.919573
7.6_raw.csv_filtered_by_correlation12_Acceleration_1.5_all_replacement_strategy_2,2022-11-29 14:50:38.009134
7.6_raw.csv_filtered_by_correlation12_acceleration_1.5_individual_replacement_strategy_2,2022-11-29 14:50:38.095792
7.6_raw.csv_filtered_by_correlation12_Acceleration_1.5_all_replacement_strategy_3,2022-11-29 14:50:38.183475
7.6_raw.csv_filtered_by_correlation12_acceleration_1.5_individual_replacement_strategy_3,2022-11-29 14:50:38.262146
7.6_raw.csv_filtered_by_correlation12_Acceleration_1.5_all_replacement_strategy_4,2022-11-29 14:50:38.353214
7.6_raw.csv_filtered_by_correlation12_acceleration_1.5_individual_replacement_strategy_4,2022-11-29 14:50:38.435421
7.6_raw.csv_filtered_by_correlation12_Acceleration_1.5_all_replacement_strategy_5,2022-11-29 14:50:38.534998
7.6_raw.csv_filtered_by_correlation12_acceleration_1.5_individual_replacement_strategy_5,2022-11-29 14:50:38.621581
7.6_raw.csv_filtered_by_correlation12_SNR22_Acceleration_1.5_all_replacement_strategy_1,2022-11-29 14:50:38.719979
7.6_raw.csv_filtered_by_correlation12_SNR22_acceleration_1.5_individual_replacement_strategy_1,2022-11-29 14:50:38.805971
7.6_raw.csv_filtered_by_correlation12_SNR22_Acceleration_1.5_all_replacement_strategy_2,2022-11-29 14:50:38.902335
7.6_raw.csv_filtered_by_correlation12_SNR22_acceleration_1.5_individual_replacement_strategy_2,2022-11-29 14:50:38.995549
7.6_raw.csv_filtered_by_correlation12_SNR22_Acceleration_1.5_all_replacement_strategy_3,2022-11-29 14:50:39.091424
7.6_raw.csv_filtered_by_correlation12_SNR22_acceleration_1.5_individual_replacement_strategy_3,2022-11-29 14:50:39.186421
7.6_raw.csv_filtered_by_correlation12_SNR22_Acceleration_1.5_all_replacement_strategy_4,2022-11-29 14:50:39.373647
7.6_raw.csv_filtered_by_correlation12_SNR22_acceleration_1.5_individual_replacement_strategy_4,2022-11-29 14:50:39.524011
7.6_raw.csv_filtered_by_correlation12_SNR22_Acceleration_1.5_all_replacement_strategy_5,2022-11-29 14:50:39.641935
7.6_raw.csv_filtered_by_correlation12_SNR22_acceleration_1.5_individual_replacement_strategy_5,2022-11-29 14:50:39.739534
7.2_raw.csv_filtered_by_correlation12_all_replacement_strategy_1,2022-11-29 14:50:39.813675
7.2_raw.csv_filtered_by_correlation12_individual_replacement_strategy_1,2022-11-29 14:50:39.879447
7.2_raw.csv_filtered_by_correlation12_all_replacement_strategy_2,2022-11-29 14:50:39.941271
7.2_raw.csv_filtered_by_correlation12_individual_replacement_strategy_2,2022-11-29 14:50:39.996758
7.2_raw.csv_filtered_by_correlation12_all_replacement_strategy_3,2022-11-29 14:50:40.056674
7.2_raw.csv_filtered_by_correlation12_individual_replacement_strategy_3,2022-11-29 14:50:40.116669
7.2_raw.csv_filtered_by_correlation12_all_replacement_strategy_4,2022-11-29 14:50:40.185267
7.2_raw.csv_filtered_by_correlation12_individual_replacement_strategy_4,2022-11-29 14:50:40.237709
7.2_raw.csv_filtered_by_correlation12_all_replacement_strategy_5,2022-11-29 14:50:40.302111
7.2_raw.csv_filtered_by_correlation12_individual_replacement_strategy_5,2022-11-29 14:50:40.361623
7.2_raw.csv_filtered_by_SNR22_all_replacement_strategy_1,2022-11-29 14:50:40.433007
7.2_raw.csv_filtered_by_SNR22_individual_replacement_strategy_1,2022-11-29 14:50:40.495097
7.2_raw.csv_filtered_by_SNR22_all_replacement_strategy_2,2022-11-29 14:50:40.566755
7.2_raw.csv_filtered_by_SNR22_individual_replacement_strategy_2,2022-11-29 14:50:40.631778
7.2_raw.csv_filtered_by_SNR22_all_replacement_strategy_3,2022-11-29 14:50:40.705291
7.2_raw.csv_filtered_by_SNR22_individual_replacement_strategy_3,2022-11-29 14:50:40.767828
7.2_raw.csv_filtered_by_SNR22_all_replacement_strategy_4,2022-11-29 14:50:40.906019
7.2_raw.csv_filtered_by_SNR22_individual_replacement_strategy_4,2022-11-29 14:50:41.023884
7.2_raw.csv_filtered_by_SNR22_all_replacement_strategy_5,2022-11-29 14:50:41.105026
7.2_raw.csv_filtered_by_SNR22_individual_replacement_strategy_5,2022-11-29 14:50:41.176846
7.2_raw.csv_filtered_by_acceleration_1.5_all_replacement_strategy_1,2022-11-29 14:50:41.270078
7.2_raw.csv_filtered_by_acceleration_1.5_individual_replacement_strategy_1,2022-11-29 14:50:41.345639
7.2_raw.csv_filtered_by_acceleration_1.5_all_replacement_strategy_2,2022-11-29 14:50:41.434645
7.2_raw.csv_filtered_by_acceleration_1.5_individual_replacement_strategy_2,2022-11-29 14:50:41.514224
7.2_raw.csv_filtered_by_acceleration_1.5_all_replacement_strategy_3,2022-11-29 14:50:41.602002
7.2_raw.csv_filtered_by_acceleration_1.5_individual_replacement_strategy_3,2022-11-29 14:50:41.691357
7.2_raw.csv_filtered_by_acceleration_1.5_all_replacement_strategy_4,2022-11-29 14:50:41.779739
7.2_raw.csv_filtered_by_acceleration_1.5_individual_replacement_strategy_4,2022-11-29 14:50:41.860415
7.2_raw.csv_filtered_by_acceleration_1.5_all_replacement_strategy_5,2022-11-29 14:50:41.953908
7.2_raw.csv_filtered_by_acceleration_1.5_individual_replacement_strategy_5,2022-11-29 14:50:42.036576
7.2_raw.csv_filtered_by_correlation12_SNR22_all_replacement_strategy_1,2022-11-29 14:50:42.105309
7.2_raw.csv_filtered_by_correlation12_SNR22_individual_replacement_strategy_1,2022-11-29 14:50:42.168790
7.2_raw.csv_filtered_by_correlation12_SNR22_all_replacement_strategy_2,2022-11-29 14:50:42.245280
7.2_raw.csv_filtered_by_correlation12_SNR22_individual_replacement_strategy_2,2022-11-29 14:50:42.309753
7.2_raw.csv_filtered_by_correlation12_SNR22_all_replacement_strategy_3,2022-11-29 14:50:42.383997
7.2_raw.csv_filtered_by_correlation12_SNR22_individual_replacement_strategy_3,2022-11-29 14:50:42.449598
7.2_raw.csv_filtered_by_correlation12_SNR22_all_replacement_strategy_4,2022-11-29 14:50:42.588404
7.2_raw.csv_filtered_by_correlation12_SNR22_individual_replacement_strategy_4,2022-11-29 14:50:42.721941
7.2_raw.csv_filtered_by_correlation12_SNR22_all_replacement_strategy_5,2022-11-29 14:50:42.811179
7.2_raw.csv_filtered_by_correlation12_SNR22_individual_replacement_strategy_5,2022-11-29 14:50:42.877682
7.2_raw.csv_filtered_by_SNR22_Acceleration_1.5_all_replacement_strategy_1,2022-11-29 14:50:42.973141
7.2_raw.csv_filtered_by_SNR22_acceleration_1.5_individual_replacement_strategy_1,2022-11-29 14:50:43.056192
7.2_raw.csv_filtered_by_SNR22_Acceleration_1.5_all_replacement_strategy_2,2022-11-29 14:50:43.152536
7.2_raw.csv_filtered_by_SNR22_acceleration_1.5_individual_replacement_strategy_2,2022-11-29 14:50:43.247110
7.2_raw.csv_filtered_by_SNR22_Acceleration_1.5_all_replacement_strategy_3,2022-11-29 14:50:43.344756
7.2_raw.csv_filtered_by_SNR22_acceleration_1.5_individual_replacement_strategy_3,2022-11-29 14:50:43.434060
7.2_raw.csv_filtered_by_SNR22_Acceleration_1.5_all_replacement_strategy_4,2022-11-29 14:50:43.600397
7.2_raw.csv_filtered_by_SNR22_acceleration_1.5_individual_replacement_strategy_4,2022-11-29 14:50:43.754683
7.2_raw.csv_filtered_by_SNR22_Acceleration_1.5_all_replacement_strategy_5,2022-11-29 14:50:43.854602
7.2_raw.csv_filtered_by_SNR22_acceleration_1.5_individual_replacement_strategy_5,2022-11-29 14:50:43.940550
7.2_raw.csv_filtered_by_correlation12_Acceleration_1.5_all_replacement_strategy_1,2022-11-29 14:50:44.026696
7.2_raw.csv_filtered_by_correlation12_acceleration_1.5_individual_replacement_strategy_1,2022-11-29 14:50:44.108389
7.2_raw.csv_filtered_by_correlation12_Acceleration_1.5_all_replacement_strategy_2,2022-11-29 14:50:44.199589
7.2_raw.csv_filtered_by_correlation12_acceleration_1.5_individual_replacement_strategy_2,2022-11-29 14:50:44.285725
7.2_raw.csv_filtered_by_correlation12_Acceleration_1.5_all_replacement_strategy_3,2022-11-29 14:50:44.375477
7.2_raw.csv_filtered_by_correlation12_acceleration_1.5_individual_replacement_strategy_3,2022-11-29 14:50:44.456529
7.2_raw.csv_filtered_by_correlation12_Acceleration_1.5_all_replacement_strategy_4,2022-11-29 14:50:44.546725
7.2_raw.csv_filtered_by_correlation12_acceleration_1.5_individual_replacement_strategy_4,2022-11-29 14:50:44.629532
7.2_raw.csv_filtered_by_correlation12_Acceleration_1.5_all_replacement_strategy_5,2022-11-29 14:50:44.723012
7.2_raw.csv_filtered_by_correlation12_acceleration_1.5_individual_replacement_strategy_5,2022-11-29 14:50:44.811337
7.2_raw.csv_filtered_by_correlation12_SNR22_Acceleration_1.5_all_replacement_strategy_1,2022-11-29 14:50:44.912106
7.2_raw.csv_filtered_by_correlation12_SNR22_acceleration_1.5_individual_replacement_strategy_1,2022-11-29 14:50:44.997796
7.2_raw.csv_filtered_by_correlation12_SNR22_Acceleration_1.5_all_replacement_strategy_2,2022-11-29 14:50:45.096902
7.2_raw.csv_filtered_by_correlation12_SNR22_acceleration_1.5_individual_replacement_strategy_2,2022-11-29 14:50:45.192286
7.2_raw.csv_filtered_by_correlation12_SNR22_Acceleration_1.5_all_replacement_strategy_3,2022-11-29 14:50:45.302739
7.2_raw.csv_filtered_by_correlation12_SNR22_acceleration_1.5_individual_replacement_strategy_3,2022-11-29 14:50:45.390870
7.2_raw.csv_filtered_by_correlation12_SNR22_Acceleration_1.5_all_replacement_strategy_4,2022-11-29 14:50:45.544444
7.2_raw.csv_filtered_by_correlation12_SNR22_acceleration_1.5_individual_replacement_strategy_4,2022-11-29 14:50:45.689324
7.2_raw.csv_filtered_by_correlation12_SNR22_Acceleration_1.5_all_replacement_strategy_5,2022-11-29 14:50:45.800306
7.2_raw.csv_filtered_by_correlation12_SNR22_acceleration_1.5_individual_replacement_strategy_5,2022-11-29 14:50:45.895028
Complete Duration,0:00:37.621187
7.9_raw.csv_filtered_by_correlation12_all_replacement_strategy_4,2022-11-29 14:52:53.857570
7.9_raw.csv_filtered_by_correlation12_individual_replacement_strategy_4,2022-11-29 14:52:53.912533
7.9_raw.csv_filtered_by_SNR22_all_replacement_strategy_4,2022-11-29 14:52:54.148710
7.9_raw.csv_filtered_by_SNR22_individual_replacement_strategy_4,2022-11-29 14:52:54.257117
7.9_raw.csv_filtered_by_acceleration_1.5_all_replacement_strategy_4,2022-11-29 14:52:54.324929
7.9_raw.csv_filtered_by_acceleration_1.5_individual_replacement_strategy_4,2022-11-29 14:52:54.391857
7.9_raw.csv_filtered_by_correlation12_SNR22_all_replacement_strategy_4,2022-11-29 14:52:54.508755
7.9_raw.csv_filtered_by_correlation12_SNR22_individual_replacement_strategy_4,2022-11-29 14:52:54.654941
7.9_raw.csv_filtered_by_correlation12_Acceleration_1.5_all_replacement_strategy_4,2022-11-29 14:52:54.724110
7.9_raw.csv_filtered_by_correlation12_acceleration_1.5_individual_replacement_strategy_4,2022-11-29 14:52:54.792206
7.9_raw.csv_filtered_by_SNR22_Acceleration_1.5_all_replacement_strategy_4,2022-11-29 14:52:54.959204
7.9_raw.csv_filtered_by_SNR22_acceleration_1.5_individual_replacement_strategy_4,2022-11-29 14:52:55.095156
7.9_raw.csv_filtered_by_correlation12_SNR22_Acceleration_1.5_all_replacement_strategy_4,2022-11-29 14:52:55.241343
7.9_raw.csv_filtered_by_correlation12_SNR22_acceleration_1.5_individual_replacement_strategy_4,2022-11-29 14:52:55.398089
7.6_raw.csv_filtered_by_correlation12_all_replacement_strategy_4,2022-11-29 14:52:55.455745
7.6_raw.csv_filtered_by_correlation12_individual_replacement_strategy_4,2022-11-29 14:52:55.511456
7.6_raw.csv_filtered_by_SNR22_all_replacement_strategy_4,2022-11-29 14:52:55.641806
7.6_raw.csv_filtered_by_SNR22_individual_replacement_strategy_4,2022-11-29 14:52:55.758978
7.6_raw.csv_filtered_by_acceleration_1.5_all_replacement_strategy_4,2022-11-29 14:52:55.825487
7.6_raw.csv_filtered_by_acceleration_1.5_individual_replacement_strategy_4,2022-11-29 14:52:55.912171
7.6_raw.csv_filtered_by_correlation12_SNR22_all_replacement_strategy_4,2022-11-29 14:52:56.035432
7.6_raw.csv_filtered_by_correlation12_SNR22_individual_replacement_strategy_4,2022-11-29 14:52:56.155503
7.6_raw.csv_filtered_by_correlation12_Acceleration_1.5_all_replacement_strategy_4,2022-11-29 14:52:56.223100
7.6_raw.csv_filtered_by_correlation12_acceleration_1.5_individual_replacement_strategy_4,2022-11-29 14:52:56.291528
7.6_raw.csv_filtered_by_SNR22_Acceleration_1.5_all_replacement_strategy_4,2022-11-29 14:52:56.450380
7.6_raw.csv_filtered_by_SNR22_acceleration_1.5_individual_replacement_strategy_4,2022-11-29 14:52:56.585344
7.6_raw.csv_filtered_by_correlation12_SNR22_Acceleration_1.5_all_replacement_strategy_4,2022-11-29 14:52:56.741519
7.6_raw.csv_filtered_by_correlation12_SNR22_acceleration_1.5_individual_replacement_strategy_4,2022-11-29 14:52:56.880363
7.2_raw.csv_filtered_by_correlation12_all_replacement_strategy_4,2022-11-29 14:52:56.945466
7.2_raw.csv_filtered_by_correlation12_individual_replacement_strategy_4,2022-11-29 14:52:56.989562
7.2_raw.csv_filtered_by_SNR22_all_replacement_strategy_4,2022-11-29 14:52:57.114420
7.2_raw.csv_filtered_by_SNR22_individual_replacement_strategy_4,2022-11-29 14:52:57.225327
7.2_raw.csv_filtered_by_acceleration_1.5_all_replacement_strategy_4,2022-11-29 14:52:57.290770
7.2_raw.csv_filtered_by_acceleration_1.5_individual_replacement_strategy_4,2022-11-29 14:52:57.365518
7.2_raw.csv_filtered_by_correlation12_SNR22_all_replacement_strategy_4,2022-11-29 14:52:57.495642
7.2_raw.csv_filtered_by_correlation12_SNR22_individual_replacement_strategy_4,2022-11-29 14:52:57.606298
7.2_raw.csv_filtered_by_correlation12_Acceleration_1.5_all_replacement_strategy_4,2022-11-29 14:52:57.680041
7.2_raw.csv_filtered_by_correlation12_acceleration_1.5_individual_replacement_strategy_4,2022-11-29 14:52:57.753533
7.2_raw.csv_filtered_by_SNR22_Acceleration_1.5_all_replacement_strategy_4,2022-11-29 14:52:57.906662
7.2_raw.csv_filtered_by_SNR22_acceleration_1.5_individual_replacement_strategy_4,2022-11-29 14:52:58.042960
7.2_raw.csv_filtered_by_correlation12_SNR22_Acceleration_1.5_all_replacement_strategy_4,2022-11-29 14:52:58.186836
7.2_raw.csv_filtered_by_correlation12_SNR22_acceleration_1.5_individual_replacement_strategy_4,2022-11-29 14:52:58.333036
Complete Duration,0:00:04.576292
7.9_raw.csv_filtered_by_correlation13_all_replacement_strategy_1,2022-11-29 14:58:36.657898
7.9_raw.csv_filtered_by_correlation13_individual_replacement_strategy_1,2022-11-29 14:58:36.720709
7.9_raw.csv_filtered_by_correlation13_all_replacement_strategy_2,2022-11-29 14:58:36.767600
7.9_raw.csv_filtered_by_correlation13_individual_replacement_strategy_2,2022-11-29 14:58:36.830660
7.9_raw.csv_filtered_by_correlation13_all_replacement_strategy_3,2022-11-29 14:58:36.893142
7.9_raw.csv_filtered_by_correlation13_individual_replacement_strategy_3,2022-11-29 14:58:36.940509
7.9_raw.csv_filtered_by_correlation13_all_replacement_strategy_4,2022-11-29 14:58:37.003036
7.9_raw.csv_filtered_by_correlation13_individual_replacement_strategy_4,2022-11-29 14:58:37.050391
7.9_raw.csv_filtered_by_correlation13_all_replacement_strategy_5,2022-11-29 14:58:37.111614
7.9_raw.csv_filtered_by_correlation13_individual_replacement_strategy_5,2022-11-29 14:58:37.161010
7.6_raw.csv_filtered_by_correlation13_all_replacement_strategy_1,2022-11-29 14:58:37.236492
7.6_raw.csv_filtered_by_correlation13_individual_replacement_strategy_1,2022-11-29 14:58:37.283812
7.6_raw.csv_filtered_by_correlation13_all_replacement_strategy_2,2022-11-29 14:58:37.331165
7.6_raw.csv_filtered_by_correlation13_individual_replacement_strategy_2,2022-11-29 14:58:37.378214
7.6_raw.csv_filtered_by_correlation13_all_replacement_strategy_3,2022-11-29 14:58:37.441249
7.6_raw.csv_filtered_by_correlation13_individual_replacement_strategy_3,2022-11-29 14:58:37.488044
7.6_raw.csv_filtered_by_correlation13_all_replacement_strategy_4,2022-11-29 14:58:37.550850
7.6_raw.csv_filtered_by_correlation13_individual_replacement_strategy_4,2022-11-29 14:58:37.614541
7.6_raw.csv_filtered_by_correlation13_all_replacement_strategy_5,2022-11-29 14:58:37.677107
7.6_raw.csv_filtered_by_correlation13_individual_replacement_strategy_5,2022-11-29 14:58:37.740688
7.2_raw.csv_filtered_by_correlation13_all_replacement_strategy_1,2022-11-29 14:58:37.801045
7.2_raw.csv_filtered_by_correlation13_individual_replacement_strategy_1,2022-11-29 14:58:37.848348
7.2_raw.csv_filtered_by_correlation13_all_replacement_strategy_2,2022-11-29 14:58:38.068095
7.2_raw.csv_filtered_by_correlation13_individual_replacement_strategy_2,2022-11-29 14:58:38.130734
7.2_raw.csv_filtered_by_correlation13_all_replacement_strategy_3,2022-11-29 14:58:38.193796
7.2_raw.csv_filtered_by_correlation13_individual_replacement_strategy_3,2022-11-29 14:58:38.240883
7.2_raw.csv_filtered_by_correlation13_all_replacement_strategy_4,2022-11-29 14:58:38.318853
7.2_raw.csv_filtered_by_correlation13_individual_replacement_strategy_4,2022-11-29 14:58:38.381719
7.2_raw.csv_filtered_by_correlation13_all_replacement_strategy_5,2022-11-29 14:58:38.444666
7.2_raw.csv_filtered_by_correlation13_individual_replacement_strategy_5,2022-11-29 14:58:38.491504
Complete Duration,0:00:01.968775
7.9_raw.csv_filtered_by_correlation19_all_replacement_strategy_1,2022-11-29 15:00:28.576192
7.9_raw.csv_filtered_by_correlation19_individual_replacement_strategy_1,2022-11-29 15:00:28.623573
7.9_raw.csv_filtered_by_correlation19_all_replacement_strategy_2,2022-11-29 15:00:28.696632
7.9_raw.csv_filtered_by_correlation19_individual_replacement_strategy_2,2022-11-29 15:00:28.760720
7.9_raw.csv_filtered_by_correlation19_all_replacement_strategy_3,2022-11-29 15:00:28.823602
7.9_raw.csv_filtered_by_correlation19_individual_replacement_strategy_3,2022-11-29 15:00:28.883490
7.9_raw.csv_filtered_by_correlation19_all_replacement_strategy_4,2022-11-29 15:00:28.944201
7.9_raw.csv_filtered_by_correlation19_individual_replacement_strategy_4,2022-11-29 15:00:28.982188
7.9_raw.csv_filtered_by_correlation19_all_replacement_strategy_5,2022-11-29 15:00:29.048798
7.9_raw.csv_filtered_by_correlation19_individual_replacement_strategy_5,2022-11-29 15:00:29.094140
7.6_raw.csv_filtered_by_correlation19_all_replacement_strategy_1,2022-11-29 15:00:29.161075
7.6_raw.csv_filtered_by_correlation19_individual_replacement_strategy_1,2022-11-29 15:00:29.213668
7.6_raw.csv_filtered_by_correlation19_all_replacement_strategy_2,2022-11-29 15:00:29.303200
7.6_raw.csv_filtered_by_correlation19_individual_replacement_strategy_2,2022-11-29 15:00:29.343487
7.6_raw.csv_filtered_by_correlation19_all_replacement_strategy_3,2022-11-29 15:00:29.403356
7.6_raw.csv_filtered_by_correlation19_individual_replacement_strategy_3,2022-11-29 15:00:29.491534
7.6_raw.csv_filtered_by_correlation19_all_replacement_strategy_4,2022-11-29 15:00:29.720794
7.6_raw.csv_filtered_by_correlation19_individual_replacement_strategy_4,2022-11-29 15:00:29.816138
7.6_raw.csv_filtered_by_correlation19_all_replacement_strategy_5,2022-11-29 15:00:29.904255
7.6_raw.csv_filtered_by_correlation19_individual_replacement_strategy_5,2022-11-29 15:00:29.957657
7.2_raw.csv_filtered_by_correlation19_all_replacement_strategy_1,2022-11-29 15:00:30.067289
7.2_raw.csv_filtered_by_correlation19_individual_replacement_strategy_1,2022-11-29 15:00:30.114610
7.2_raw.csv_filtered_by_correlation19_all_replacement_strategy_2,2022-11-29 15:00:30.192938
7.2_raw.csv_filtered_by_correlation19_individual_replacement_strategy_2,2022-11-29 15:00:30.246805
7.2_raw.csv_filtered_by_correlation19_all_replacement_strategy_3,2022-11-29 15:00:30.309852
7.2_raw.csv_filtered_by_correlation19_individual_replacement_strategy_3,2022-11-29 15:00:30.372367
7.2_raw.csv_filtered_by_correlation19_all_replacement_strategy_4,2022-11-29 15:00:30.435779
7.2_raw.csv_filtered_by_correlation19_individual_replacement_strategy_4,2022-11-29 15:00:30.499778
7.2_raw.csv_filtered_by_correlation19_all_replacement_strategy_5,2022-11-29 15:00:30.563358
7.2_raw.csv_filtered_by_correlation19_individual_replacement_strategy_5,2022-11-29 15:00:30.719398
Complete Duration,0:00:02.220708
7.9_raw.csv_filtered_by_SNR23_all_replacement_strategy_1,2022-11-29 15:01:14.411734
7.9_raw.csv_filtered_by_SNR23_individual_replacement_strategy_1,2022-11-29 15:01:14.472693
7.9_raw.csv_filtered_by_SNR23_all_replacement_strategy_2,2022-11-29 15:01:14.525433
7.9_raw.csv_filtered_by_SNR23_individual_replacement_strategy_2,2022-11-29 15:01:14.578328
7.9_raw.csv_filtered_by_SNR23_all_replacement_strategy_3,2022-11-29 15:01:14.622652
7.9_raw.csv_filtered_by_SNR23_individual_replacement_strategy_3,2022-11-29 15:01:14.687026
7.9_raw.csv_filtered_by_SNR23_all_replacement_strategy_4,2022-11-29 15:01:14.797370
7.9_raw.csv_filtered_by_SNR23_individual_replacement_strategy_4,2022-11-29 15:01:14.940891
7.9_raw.csv_filtered_by_SNR23_all_replacement_strategy_5,2022-11-29 15:01:15.035160
7.9_raw.csv_filtered_by_SNR23_individual_replacement_strategy_5,2022-11-29 15:01:15.091034
7.6_raw.csv_filtered_by_SNR23_all_replacement_strategy_1,2022-11-29 15:01:15.169481
7.6_raw.csv_filtered_by_SNR23_individual_replacement_strategy_1,2022-11-29 15:01:15.232423
7.6_raw.csv_filtered_by_SNR23_all_replacement_strategy_2,2022-11-29 15:01:15.292481
7.6_raw.csv_filtered_by_SNR23_individual_replacement_strategy_2,2022-11-29 15:01:15.340785
7.6_raw.csv_filtered_by_SNR23_all_replacement_strategy_3,2022-11-29 15:01:15.403854
7.6_raw.csv_filtered_by_SNR23_individual_replacement_strategy_3,2022-11-29 15:01:15.435665
7.6_raw.csv_filtered_by_SNR23_all_replacement_strategy_4,2022-11-29 15:01:15.570074
7.6_raw.csv_filtered_by_SNR23_individual_replacement_strategy_4,2022-11-29 15:01:15.694247
7.6_raw.csv_filtered_by_SNR23_all_replacement_strategy_5,2022-11-29 15:01:15.740707
7.6_raw.csv_filtered_by_SNR23_individual_replacement_strategy_5,2022-11-29 15:01:15.787539
7.2_raw.csv_filtered_by_SNR23_all_replacement_strategy_1,2022-11-29 15:01:15.850900
7.2_raw.csv_filtered_by_SNR23_individual_replacement_strategy_1,2022-11-29 15:01:15.914017
7.2_raw.csv_filtered_by_SNR23_all_replacement_strategy_2,2022-11-29 15:01:15.969899
7.2_raw.csv_filtered_by_SNR23_individual_replacement_strategy_2,2022-11-29 15:01:16.017161
7.2_raw.csv_filtered_by_SNR23_all_replacement_strategy_3,2022-11-29 15:01:16.071406
7.2_raw.csv_filtered_by_SNR23_individual_replacement_strategy_3,2022-11-29 15:01:16.118661
7.2_raw.csv_filtered_by_SNR23_all_replacement_strategy_4,2022-11-29 15:01:16.234500
7.2_raw.csv_filtered_by_SNR23_individual_replacement_strategy_4,2022-11-29 15:01:16.371948
7.2_raw.csv_filtered_by_SNR23_all_replacement_strategy_5,2022-11-29 15:01:16.435073
7.2_raw.csv_filtered_by_SNR23_individual_replacement_strategy_5,2022-11-29 15:01:16.494262
Complete Duration,0:00:02.235389
7.9_raw.csv_filtered_by_acceleration_1.5_all_replacement_strategy_1,2022-11-29 15:02:08.779484
7.9_raw.csv_filtered_by_acceleration_1.5_individual_replacement_strategy_1,2022-11-29 15:02:08.858417
7.9_raw.csv_filtered_by_acceleration_1.5_all_replacement_strategy_2,2022-11-29 15:02:08.948361
7.9_raw.csv_filtered_by_acceleration_1.5_individual_replacement_strategy_2,2022-11-29 15:02:09.025290
7.9_raw.csv_filtered_by_acceleration_1.5_all_replacement_strategy_3,2022-11-29 15:02:09.108868
7.9_raw.csv_filtered_by_acceleration_1.5_individual_replacement_strategy_3,2022-11-29 15:02:09.182355
7.9_raw.csv_filtered_by_acceleration_1.5_all_replacement_strategy_4,2022-11-29 15:02:09.267960
7.9_raw.csv_filtered_by_acceleration_1.5_individual_replacement_strategy_4,2022-11-29 15:02:09.350857
7.9_raw.csv_filtered_by_acceleration_1.5_all_replacement_strategy_5,2022-11-29 15:02:09.437644
7.9_raw.csv_filtered_by_acceleration_1.5_individual_replacement_strategy_5,2022-11-29 15:02:09.516123
7.6_raw.csv_filtered_by_acceleration_1.5_all_replacement_strategy_1,2022-11-29 15:02:09.613087
7.6_raw.csv_filtered_by_acceleration_1.5_individual_replacement_strategy_1,2022-11-29 15:02:09.690051
7.6_raw.csv_filtered_by_acceleration_1.5_all_replacement_strategy_2,2022-11-29 15:02:09.788477
7.6_raw.csv_filtered_by_acceleration_1.5_individual_replacement_strategy_2,2022-11-29 15:02:09.870014
7.6_raw.csv_filtered_by_acceleration_1.5_all_replacement_strategy_3,2022-11-29 15:02:09.958531
7.6_raw.csv_filtered_by_acceleration_1.5_individual_replacement_strategy_3,2022-11-29 15:02:10.482578
7.6_raw.csv_filtered_by_acceleration_1.5_all_replacement_strategy_4,2022-11-29 15:02:10.568203
7.6_raw.csv_filtered_by_acceleration_1.5_individual_replacement_strategy_4,2022-11-29 15:02:10.646215
7.6_raw.csv_filtered_by_acceleration_1.5_all_replacement_strategy_5,2022-11-29 15:02:10.745229
7.6_raw.csv_filtered_by_acceleration_1.5_individual_replacement_strategy_5,2022-11-29 15:02:10.819645
7.2_raw.csv_filtered_by_acceleration_1.5_all_replacement_strategy_1,2022-11-29 15:02:10.917175
7.2_raw.csv_filtered_by_acceleration_1.5_individual_replacement_strategy_1,2022-11-29 15:02:10.991386
7.2_raw.csv_filtered_by_acceleration_1.5_all_replacement_strategy_2,2022-11-29 15:02:11.075506
7.2_raw.csv_filtered_by_acceleration_1.5_individual_replacement_strategy_2,2022-11-29 15:02:11.152231
7.2_raw.csv_filtered_by_acceleration_1.5_all_replacement_strategy_3,2022-11-29 15:02:11.246993
7.2_raw.csv_filtered_by_acceleration_1.5_individual_replacement_strategy_3,2022-11-29 15:02:11.322670
7.2_raw.csv_filtered_by_acceleration_1.5_all_replacement_strategy_4,2022-11-29 15:02:11.406540
7.2_raw.csv_filtered_by_acceleration_1.5_individual_replacement_strategy_4,2022-11-29 15:02:11.482402
7.2_raw.csv_filtered_by_acceleration_1.5_all_replacement_strategy_5,2022-11-29 15:02:11.571455
7.2_raw.csv_filtered_by_acceleration_1.5_individual_replacement_strategy_5,2022-11-29 15:02:11.651489
Complete Duration,0:00:03.007897
7.9_raw.csv_filtered_by_correlation20_SNR20_all_replacement_strategy_1,2022-11-29 15:02:55.609483
7.9_raw.csv_filtered_by_correlation20_SNR20_individual_replacement_strategy_1,2022-11-29 15:02:55.657006
7.9_raw.csv_filtered_by_correlation20_SNR20_all_replacement_strategy_2,2022-11-29 15:02:55.732436
7.9_raw.csv_filtered_by_correlation20_SNR20_individual_replacement_strategy_2,2022-11-29 15:02:55.794196
7.9_raw.csv_filtered_by_correlation20_SNR20_all_replacement_strategy_3,2022-11-29 15:02:55.856955
7.9_raw.csv_filtered_by_correlation20_SNR20_individual_replacement_strategy_3,2022-11-29 15:02:56.302628
7.9_raw.csv_filtered_by_correlation20_SNR20_all_replacement_strategy_4,2022-11-29 15:02:56.439318
7.9_raw.csv_filtered_by_correlation20_SNR20_individual_replacement_strategy_4,2022-11-29 15:02:56.534653
7.9_raw.csv_filtered_by_correlation20_SNR20_all_replacement_strategy_5,2022-11-29 15:02:56.606914
7.9_raw.csv_filtered_by_correlation20_SNR20_individual_replacement_strategy_5,2022-11-29 15:02:56.670859
7.6_raw.csv_filtered_by_correlation20_SNR20_all_replacement_strategy_1,2022-11-29 15:02:56.760575
7.6_raw.csv_filtered_by_correlation20_SNR20_individual_replacement_strategy_1,2022-11-29 15:02:56.806805
7.6_raw.csv_filtered_by_correlation20_SNR20_all_replacement_strategy_2,2022-11-29 15:02:56.885806
7.6_raw.csv_filtered_by_correlation20_SNR20_individual_replacement_strategy_2,2022-11-29 15:02:56.935274
7.6_raw.csv_filtered_by_correlation20_SNR20_all_replacement_strategy_3,2022-11-29 15:02:57.008120
7.6_raw.csv_filtered_by_correlation20_SNR20_individual_replacement_strategy_3,2022-11-29 15:02:57.055593
7.6_raw.csv_filtered_by_correlation20_SNR20_all_replacement_strategy_4,2022-11-29 15:02:57.198868
7.6_raw.csv_filtered_by_correlation20_SNR20_individual_replacement_strategy_4,2022-11-29 15:02:57.286987
7.6_raw.csv_filtered_by_correlation20_SNR20_all_replacement_strategy_5,2022-11-29 15:02:57.356560
7.6_raw.csv_filtered_by_correlation20_SNR20_individual_replacement_strategy_5,2022-11-29 15:02:57.415700
7.2_raw.csv_filtered_by_correlation20_SNR20_all_replacement_strategy_1,2022-11-29 15:02:57.486320
7.2_raw.csv_filtered_by_correlation20_SNR20_individual_replacement_strategy_1,2022-11-29 15:02:57.535780
7.2_raw.csv_filtered_by_correlation20_SNR20_all_replacement_strategy_2,2022-11-29 15:02:57.623430
7.2_raw.csv_filtered_by_correlation20_SNR20_individual_replacement_strategy_2,2022-11-29 15:02:57.670857
7.2_raw.csv_filtered_by_correlation20_SNR20_all_replacement_strategy_3,2022-11-29 15:02:57.735963
7.2_raw.csv_filtered_by_correlation20_SNR20_individual_replacement_strategy_3,2022-11-29 15:02:57.805921
7.2_raw.csv_filtered_by_correlation20_SNR20_all_replacement_strategy_4,2022-11-29 15:02:57.917885
7.2_raw.csv_filtered_by_correlation20_SNR20_individual_replacement_strategy_4,2022-11-29 15:02:58.023006
7.2_raw.csv_filtered_by_correlation20_SNR20_all_replacement_strategy_5,2022-11-29 15:02:58.086100
7.2_raw.csv_filtered_by_correlation20_SNR20_individual_replacement_strategy_5,2022-11-29 15:02:58.161055
Complete Duration,0:00:02.676504
7.9_raw.csv_filtered_by_correlation20_Acceleration_1.5_all_replacement_strategy_1,2022-11-29 15:04:04.349961
7.9_raw.csv_filtered_by_correlation20_acceleration_1.5_individual_replacement_strategy_1,2022-11-29 15:04:04.438306
7.9_raw.csv_filtered_by_correlation20_Acceleration_1.5_all_replacement_strategy_2,2022-11-29 15:04:04.521557
7.9_raw.csv_filtered_by_correlation20_acceleration_1.5_individual_replacement_strategy_2,2022-11-29 15:04:04.584053
7.9_raw.csv_filtered_by_correlation20_Acceleration_1.5_all_replacement_strategy_3,2022-11-29 15:04:04.686735
7.9_raw.csv_filtered_by_correlation20_acceleration_1.5_individual_replacement_strategy_3,2022-11-29 15:04:04.750395
7.9_raw.csv_filtered_by_correlation20_Acceleration_1.5_all_replacement_strategy_4,2022-11-29 15:04:04.841512
7.9_raw.csv_filtered_by_correlation20_acceleration_1.5_individual_replacement_strategy_4,2022-11-29 15:04:04.920442
7.9_raw.csv_filtered_by_correlation20_Acceleration_1.5_all_replacement_strategy_5,2022-11-29 15:04:05.015541
7.9_raw.csv_filtered_by_correlation20_acceleration_1.5_individual_replacement_strategy_5,2022-11-29 15:04:05.088442
7.6_raw.csv_filtered_by_correlation20_Acceleration_1.5_all_replacement_strategy_1,2022-11-29 15:04:05.182720
7.6_raw.csv_filtered_by_correlation20_acceleration_1.5_individual_replacement_strategy_1,2022-11-29 15:04:05.604583
7.6_raw.csv_filtered_by_correlation20_Acceleration_1.5_all_replacement_strategy_2,2022-11-29 15:04:05.688167
7.6_raw.csv_filtered_by_correlation20_acceleration_1.5_individual_replacement_strategy_2,2022-11-29 15:04:05.766833
7.6_raw.csv_filtered_by_correlation20_Acceleration_1.5_all_replacement_strategy_3,2022-11-29 15:04:05.856474
7.6_raw.csv_filtered_by_correlation20_acceleration_1.5_individual_replacement_strategy_3,2022-11-29 15:04:05.935190
7.6_raw.csv_filtered_by_correlation20_Acceleration_1.5_all_replacement_strategy_4,2022-11-29 15:04:06.029737
7.6_raw.csv_filtered_by_correlation20_acceleration_1.5_individual_replacement_strategy_4,2022-11-29 15:04:06.106891
7.6_raw.csv_filtered_by_correlation20_Acceleration_1.5_all_replacement_strategy_5,2022-11-29 15:04:06.182973
7.6_raw.csv_filtered_by_correlation20_acceleration_1.5_individual_replacement_strategy_5,2022-11-29 15:04:06.256376
7.2_raw.csv_filtered_by_correlation20_Acceleration_1.5_all_replacement_strategy_1,2022-11-29 15:04:06.366151
7.2_raw.csv_filtered_by_correlation20_acceleration_1.5_individual_replacement_strategy_1,2022-11-29 15:04:06.455210
7.2_raw.csv_filtered_by_correlation20_Acceleration_1.5_all_replacement_strategy_2,2022-11-29 15:04:06.534853
7.2_raw.csv_filtered_by_correlation20_acceleration_1.5_individual_replacement_strategy_2,2022-11-29 15:04:06.623355
7.2_raw.csv_filtered_by_correlation20_Acceleration_1.5_all_replacement_strategy_3,2022-11-29 15:04:06.707664
7.2_raw.csv_filtered_by_correlation20_acceleration_1.5_individual_replacement_strategy_3,2022-11-29 15:04:06.780871
7.2_raw.csv_filtered_by_correlation20_Acceleration_1.5_all_replacement_strategy_4,2022-11-29 15:04:06.871014
7.2_raw.csv_filtered_by_correlation20_acceleration_1.5_individual_replacement_strategy_4,2022-11-29 15:04:06.965185
7.2_raw.csv_filtered_by_correlation20_Acceleration_1.5_all_replacement_strategy_5,2022-11-29 15:04:07.050965
7.2_raw.csv_filtered_by_correlation20_acceleration_1.5_individual_replacement_strategy_5,2022-11-29 15:04:07.119005
Complete Duration,0:00:02.900546
7.9_raw.csv_filtered_by_SNR18_Acceleration_1.5_all_replacement_strategy_1,2022-11-29 15:05:30.946336
7.9_raw.csv_filtered_by_SNR18_acceleration_1.5_individual_replacement_strategy_1,2022-11-29 15:05:31.008835
7.9_raw.csv_filtered_by_SNR18_Acceleration_1.5_all_replacement_strategy_2,2022-11-29 15:05:31.087810
7.9_raw.csv_filtered_by_SNR18_acceleration_1.5_individual_replacement_strategy_2,2022-11-29 15:05:31.147262
7.9_raw.csv_filtered_by_SNR18_Acceleration_1.5_all_replacement_strategy_3,2022-11-29 15:05:31.234990
7.9_raw.csv_filtered_by_SNR18_acceleration_1.5_individual_replacement_strategy_3,2022-11-29 15:05:31.304172
7.9_raw.csv_filtered_by_SNR18_Acceleration_1.5_all_replacement_strategy_4,2022-11-29 15:05:31.393206
7.9_raw.csv_filtered_by_SNR18_acceleration_1.5_individual_replacement_strategy_4,2022-11-29 15:05:31.471877
7.9_raw.csv_filtered_by_SNR18_Acceleration_1.5_all_replacement_strategy_5,2022-11-29 15:05:31.547380
7.9_raw.csv_filtered_by_SNR18_acceleration_1.5_individual_replacement_strategy_5,2022-11-29 15:05:31.617115
7.6_raw.csv_filtered_by_SNR18_Acceleration_1.5_all_replacement_strategy_1,2022-11-29 15:05:31.709007
7.6_raw.csv_filtered_by_SNR18_acceleration_1.5_individual_replacement_strategy_1,2022-11-29 15:05:31.763299
7.6_raw.csv_filtered_by_SNR18_Acceleration_1.5_all_replacement_strategy_2,2022-11-29 15:05:31.843531
7.6_raw.csv_filtered_by_SNR18_acceleration_1.5_individual_replacement_strategy_2,2022-11-29 15:05:31.925151
7.6_raw.csv_filtered_by_SNR18_Acceleration_1.5_all_replacement_strategy_3,2022-11-29 15:05:31.993365
7.6_raw.csv_filtered_by_SNR18_acceleration_1.5_individual_replacement_strategy_3,2022-11-29 15:05:32.056425
7.6_raw.csv_filtered_by_SNR18_Acceleration_1.5_all_replacement_strategy_4,2022-11-29 15:05:32.170010
7.6_raw.csv_filtered_by_SNR18_acceleration_1.5_individual_replacement_strategy_4,2022-11-29 15:05:32.241521
7.6_raw.csv_filtered_by_SNR18_Acceleration_1.5_all_replacement_strategy_5,2022-11-29 15:05:32.323390
7.6_raw.csv_filtered_by_SNR18_acceleration_1.5_individual_replacement_strategy_5,2022-11-29 15:05:32.376745
7.2_raw.csv_filtered_by_SNR18_Acceleration_1.5_all_replacement_strategy_1,2022-11-29 15:05:32.487993
7.2_raw.csv_filtered_by_SNR18_acceleration_1.5_individual_replacement_strategy_1,2022-11-29 15:05:32.547562
7.2_raw.csv_filtered_by_SNR18_Acceleration_1.5_all_replacement_strategy_2,2022-11-29 15:05:32.625766
7.2_raw.csv_filtered_by_SNR18_acceleration_1.5_individual_replacement_strategy_2,2022-11-29 15:05:32.840491
7.2_raw.csv_filtered_by_SNR18_Acceleration_1.5_all_replacement_strategy_3,2022-11-29 15:05:32.937818
7.2_raw.csv_filtered_by_SNR18_acceleration_1.5_individual_replacement_strategy_3,2022-11-29 15:05:32.992284
7.2_raw.csv_filtered_by_SNR18_Acceleration_1.5_all_replacement_strategy_4,2022-11-29 15:05:33.107088
7.2_raw.csv_filtered_by_SNR18_acceleration_1.5_individual_replacement_strategy_4,2022-11-29 15:05:33.177700
7.2_raw.csv_filtered_by_SNR18_Acceleration_1.5_all_replacement_strategy_5,2022-11-29 15:05:33.256279
7.2_raw.csv_filtered_by_SNR18_acceleration_1.5_individual_replacement_strategy_5,2022-11-29 15:05:33.328023
Complete Duration,0:00:02.495118
7.9_raw.csv_filtered_by_correlation29_Acceleration_1.5_all_replacement_strategy_1,2022-11-29 15:05:57.281232
7.9_raw.csv_filtered_by_correlation29_acceleration_1.5_individual_replacement_strategy_1,2022-11-29 15:05:57.349476
7.9_raw.csv_filtered_by_correlation29_Acceleration_1.5_all_replacement_strategy_2,2022-11-29 15:05:57.443810
7.9_raw.csv_filtered_by_correlation29_acceleration_1.5_individual_replacement_strategy_2,2022-11-29 15:05:57.517832
7.9_raw.csv_filtered_by_correlation29_Acceleration_1.5_all_replacement_strategy_3,2022-11-29 15:05:57.612265
7.9_raw.csv_filtered_by_correlation29_acceleration_1.5_individual_replacement_strategy_3,2022-11-29 15:05:57.705023
7.9_raw.csv_filtered_by_correlation29_Acceleration_1.5_all_replacement_strategy_4,2022-11-29 15:05:57.781034
7.9_raw.csv_filtered_by_correlation29_acceleration_1.5_individual_replacement_strategy_4,2022-11-29 15:05:57.875303
7.9_raw.csv_filtered_by_correlation29_Acceleration_1.5_all_replacement_strategy_5,2022-11-29 15:05:57.949030
7.9_raw.csv_filtered_by_correlation29_acceleration_1.5_individual_replacement_strategy_5,2022-11-29 15:05:58.027092
7.6_raw.csv_filtered_by_correlation29_Acceleration_1.5_all_replacement_strategy_1,2022-11-29 15:05:58.134584
7.6_raw.csv_filtered_by_correlation29_acceleration_1.5_individual_replacement_strategy_1,2022-11-29 15:05:58.213442
7.6_raw.csv_filtered_by_correlation29_Acceleration_1.5_all_replacement_strategy_2,2022-11-29 15:05:58.317143
7.6_raw.csv_filtered_by_correlation29_acceleration_1.5_individual_replacement_strategy_2,2022-11-29 15:05:58.381270
7.6_raw.csv_filtered_by_correlation29_Acceleration_1.5_all_replacement_strategy_3,2022-11-29 15:05:58.479473
7.6_raw.csv_filtered_by_correlation29_acceleration_1.5_individual_replacement_strategy_3,2022-11-29 15:05:58.549637
7.6_raw.csv_filtered_by_correlation29_Acceleration_1.5_all_replacement_strategy_4,2022-11-29 15:05:58.643268
7.6_raw.csv_filtered_by_correlation29_acceleration_1.5_individual_replacement_strategy_4,2022-11-29 15:05:58.733555
7.6_raw.csv_filtered_by_correlation29_Acceleration_1.5_all_replacement_strategy_5,2022-11-29 15:05:58.835693
7.6_raw.csv_filtered_by_correlation29_acceleration_1.5_individual_replacement_strategy_5,2022-11-29 15:05:58.916917
7.2_raw.csv_filtered_by_correlation29_Acceleration_1.5_all_replacement_strategy_1,2022-11-29 15:05:58.996888
7.2_raw.csv_filtered_by_correlation29_acceleration_1.5_individual_replacement_strategy_1,2022-11-29 15:05:59.091817
7.2_raw.csv_filtered_by_correlation29_Acceleration_1.5_all_replacement_strategy_2,2022-11-29 15:05:59.165439
7.2_raw.csv_filtered_by_correlation29_acceleration_1.5_individual_replacement_strategy_2,2022-11-29 15:05:59.259090
7.2_raw.csv_filtered_by_correlation29_Acceleration_1.5_all_replacement_strategy_3,2022-11-29 15:05:59.351751
7.2_raw.csv_filtered_by_correlation29_acceleration_1.5_individual_replacement_strategy_3,2022-11-29 15:05:59.426968
7.2_raw.csv_filtered_by_correlation29_Acceleration_1.5_all_replacement_strategy_4,2022-11-29 15:05:59.523837
7.2_raw.csv_filtered_by_correlation29_acceleration_1.5_individual_replacement_strategy_4,2022-11-29 15:05:59.597411
7.2_raw.csv_filtered_by_correlation29_Acceleration_1.5_all_replacement_strategy_5,2022-11-29 15:05:59.684653
7.2_raw.csv_filtered_by_correlation29_acceleration_1.5_individual_replacement_strategy_5,2022-11-29 15:05:59.764851
Complete Duration,0:00:02.617085
7.9_raw.csv_filtered_by_correlation23_all_replacement_strategy_1,2022-11-29 15:09:26.663714
7.9_raw.csv_filtered_by_correlation23_individual_replacement_strategy_1,2022-11-29 15:09:26.715535
7.9_raw.csv_filtered_by_correlation23_all_replacement_strategy_2,2022-11-29 15:09:26.778604
7.9_raw.csv_filtered_by_correlation23_individual_replacement_strategy_2,2022-11-29 15:09:26.831207
7.9_raw.csv_filtered_by_correlation23_all_replacement_strategy_3,2022-11-29 15:09:26.893715
7.9_raw.csv_filtered_by_correlation23_individual_replacement_strategy_3,2022-11-29 15:09:26.945718
7.9_raw.csv_filtered_by_correlation23_all_replacement_strategy_4,2022-11-29 15:09:27.010462
7.9_raw.csv_filtered_by_correlation23_individual_replacement_strategy_4,2022-11-29 15:09:27.067478
7.9_raw.csv_filtered_by_correlation23_all_replacement_strategy_5,2022-11-29 15:09:27.127107
7.9_raw.csv_filtered_by_correlation23_individual_replacement_strategy_5,2022-11-29 15:09:27.177084
7.9_raw.csv_filtered_by_acceleration_1.5_all_replacement_strategy_4,2022-11-29 19:42:07.221638
7.9_raw.csv_filtered_by_acceleration_1.5_individual_replacement_strategy_4,2022-11-29 19:42:07.316377
7.6_raw.csv_filtered_by_acceleration_1.5_all_replacement_strategy_4,2022-11-29 19:42:07.410225
7.6_raw.csv_filtered_by_acceleration_1.5_individual_replacement_strategy_4,2022-11-29 19:42:07.592649
7.2_raw.csv_filtered_by_acceleration_1.5_all_replacement_strategy_4,2022-11-29 19:42:07.712334
7.2_raw.csv_filtered_by_acceleration_1.5_individual_replacement_strategy_4,2022-11-29 19:42:07.791045
Complete Duration,0:00:00.995858
7.9_raw.csv_filtered_by_acceleration_1.5_all_replacement_strategy_1,2022-11-29 19:42:37.881644
7.9_raw.csv_filtered_by_acceleration_1.5_individual_replacement_strategy_1,2022-11-29 19:42:37.984438
7.9_raw.csv_filtered_by_acceleration_1.5_all_replacement_strategy_2,2022-11-29 19:42:38.081104
7.9_raw.csv_filtered_by_acceleration_1.5_individual_replacement_strategy_2,2022-11-29 19:42:38.215091
7.9_raw.csv_filtered_by_acceleration_1.5_all_replacement_strategy_3,2022-11-29 19:42:38.329018
7.9_raw.csv_filtered_by_acceleration_1.5_individual_replacement_strategy_3,2022-11-29 19:42:38.422733
7.9_raw.csv_filtered_by_acceleration_1.5_all_replacement_strategy_4,2022-11-29 19:42:38.516522
7.9_raw.csv_filtered_by_acceleration_1.5_individual_replacement_strategy_4,2022-11-29 19:42:38.607318
7.9_raw.csv_filtered_by_acceleration_1.5_all_replacement_strategy_5,2022-11-29 19:42:38.701056
7.9_raw.csv_filtered_by_acceleration_1.5_individual_replacement_strategy_5,2022-11-29 19:42:38.795805
7.6_raw.csv_filtered_by_acceleration_1.5_all_replacement_strategy_1,2022-11-29 19:42:38.889816
7.6_raw.csv_filtered_by_acceleration_1.5_individual_replacement_strategy_1,2022-11-29 19:42:38.967869
7.6_raw.csv_filtered_by_acceleration_1.5_all_replacement_strategy_2,2022-11-29 19:42:39.070467
7.6_raw.csv_filtered_by_acceleration_1.5_individual_replacement_strategy_2,2022-11-29 19:42:39.148547
7.6_raw.csv_filtered_by_acceleration_1.5_all_replacement_strategy_3,2022-11-29 19:42:39.242243
7.6_raw.csv_filtered_by_acceleration_1.5_individual_replacement_strategy_3,2022-11-29 19:42:39.335989
7.6_raw.csv_filtered_by_acceleration_1.5_all_replacement_strategy_4,2022-11-29 19:42:39.414103
7.6_raw.csv_filtered_by_acceleration_1.5_individual_replacement_strategy_4,2022-11-29 19:42:39.492560
7.6_raw.csv_filtered_by_acceleration_1.5_all_replacement_strategy_5,2022-11-29 19:42:39.586733
7.6_raw.csv_filtered_by_acceleration_1.5_individual_replacement_strategy_5,2022-11-29 19:42:39.665289
7.2_raw.csv_filtered_by_acceleration_1.5_all_replacement_strategy_1,2022-11-29 19:42:39.775090
7.2_raw.csv_filtered_by_acceleration_1.5_individual_replacement_strategy_1,2022-11-29 19:42:39.837620
7.2_raw.csv_filtered_by_acceleration_1.5_all_replacement_strategy_2,2022-11-29 19:42:39.931304
7.2_raw.csv_filtered_by_acceleration_1.5_individual_replacement_strategy_2,2022-11-29 19:42:40.025045
7.2_raw.csv_filtered_by_acceleration_1.5_all_replacement_strategy_3,2022-11-29 19:42:40.118784
7.2_raw.csv_filtered_by_acceleration_1.5_individual_replacement_strategy_3,2022-11-29 19:42:40.212900
7.2_raw.csv_filtered_by_acceleration_1.5_all_replacement_strategy_4,2022-11-29 19:42:40.306619
7.2_raw.csv_filtered_by_acceleration_1.5_individual_replacement_strategy_4,2022-11-29 19:42:40.384984
7.2_raw.csv_filtered_by_acceleration_1.5_all_replacement_strategy_5,2022-11-29 19:42:40.478772
7.2_raw.csv_filtered_by_acceleration_1.5_individual_replacement_strategy_5,2022-11-29 19:42:40.572616
Complete Duration,0:00:02.840611
7.9_raw.csv_filtered_by_acceleration_1.5_all_replacement_strategy_3,2022-11-29 19:51:28.766855
7.9_raw.csv_filtered_by_acceleration_1.5_individual_replacement_strategy_3,2022-11-29 19:51:28.861540
7.6_raw.csv_filtered_by_acceleration_1.5_all_replacement_strategy_3,2022-11-29 19:51:28.964770
7.6_raw.csv_filtered_by_acceleration_1.5_individual_replacement_strategy_3,2022-11-29 19:51:29.043394
7.2_raw.csv_filtered_by_acceleration_1.5_all_replacement_strategy_3,2022-11-29 19:51:29.149922
7.2_raw.csv_filtered_by_acceleration_1.5_individual_replacement_strategy_3,2022-11-29 19:51:29.241587
Complete Duration,0:00:00.631831
